city_nm,0
Волгоград,0.27391839540545015
Воронеж,0.39419273420085577
Екатеринбург,0.624674309373954
Казань,0.36325777153031585
Краснодар,1.1489492964592172
Красноярск,0.37661242749631446
Москва,1.0288225340344523
Нижний Новгород,0.4409193050722999
Новосибирск,0.875021680112058
Омск,0.45137838973799127
Пермь,0.3992855109649682
Ростов-на-Дону,0.3071795921806539
Самара,0.49950975329042097
Санкт-Петербург,1.946624664020497
Уфа,0.2229747155189327
Челябинск,0.31292601283479277
