city_nm,0
Волгоград,0.21046039423381727
Воронеж,0.31872720740810107
Екатеринбург,0.47308340258838955
Казань,0.2798390728766439
Краснодар,0.19676042922356382
Красноярск,0.3138581607389797
Москва,0.7584002905212287
Нижний Новгород,0.3622846457138759
Новосибирск,0.7067010263160343
Омск,0.3698755240174672
Пермь,0.34310888583420507
Ростов-на-Дону,0.22683125812509028
Самара,0.3799248190161082
Санкт-Петербург,1.0906928960526316
Уфа,0.1846614577202276
Челябинск,0.2506196390232878
